INSERT INTO elder_profile VALUES ('elder_001','elder-user-001','张爷爷','MALE',DATE '1946-05-12','LEVEL_2');
INSERT INTO health_archive VALUES ('archive_001','elder_001',3,'测量血压;注意防跌倒');
INSERT INTO chronic_disease VALUES ('disease_001','elder_001','高血压','ACTIVE',DATE '2022-03-01','定期复查');
INSERT INTO medication_plan VALUES ('medication_001','elder_001','硝苯地平','10mg','ONCE_DAILY','["08:00"]',DATE '2025-01-01',NULL,'ACTIVE','餐后服用');
INSERT INTO allergy_record VALUES ('allergy_001','elder_001','青霉素','皮疹','SEVERE','禁止使用');
INSERT INTO risk_tag VALUES ('risk_001','elder_001','FALL_RISK','跌倒风险','HIGH',NULL);
INSERT INTO care_plan VALUES ('plan_001','elder_001','{"careGoals":"血压平稳","dailyCare":"每日测压","precautions":"起身缓慢"}','ACTIVE');
INSERT INTO service_item VALUES ('service_001','基础上门护理');
INSERT INTO nursing_order VALUES ('order_001','elder_001','service_001','ACCEPTED',TIMESTAMP '2026-07-15 09:00:00');
INSERT INTO nursing_order VALUES ('order_serving','elder_001','service_001','SERVING',TIMESTAMP '2026-07-15 10:00:00');
INSERT INTO nurse_task VALUES ('task_001','order_001','nurse-001','ACCEPTED');
INSERT INTO nurse_task VALUES ('task_serving','order_serving','nurse-001','SERVING');
INSERT INTO file_asset VALUES ('asset_approved','已审核报告.pdf','application/pdf',600,'smart-nursing','medical/approved.pdf','APPROVED');
INSERT INTO file_asset VALUES ('asset_pending','待审核报告.pdf','application/pdf',600,'smart-nursing','medical/pending.pdf','PENDING');
INSERT INTO medical_file VALUES ('medical_approved','elder_001','asset_approved','EXAMINATION_REPORT','近期检查报告',DATE '2026-07-10','APPROVED','内部审核通过');
INSERT INTO medical_file VALUES ('medical_pending','elder_001','asset_pending','MEDICAL_RECORD','未审核病历',DATE '2026-07-11','PENDING',NULL);
INSERT INTO service_report VALUES ('report_visible','order_001','CONFIRMED','生命体征平稳','继续监测血压',TIMESTAMP '2026-07-11 12:00:00');
INSERT INTO service_report VALUES ('report_hidden','order_serving','DRAFT','草稿不可见','内部建议',TIMESTAMP '2026-07-12 12:00:00');
INSERT INTO service_report_item VALUES ('item_vital','report_visible','VITAL_SIGN','血压','130/80 mmHg',1);
INSERT INTO elder_profile VALUES ('elder_002','elder-user-002','其他长辈','FEMALE',DATE '1950-01-01','LEVEL_1');
INSERT INTO health_archive VALUES ('archive_002','elder_002',1,'OTHER_ELDER_SECRET');
INSERT INTO chronic_disease VALUES ('disease_002','elder_002','OTHER_ELDER_SECRET','ACTIVE',NULL,NULL);
